Identificatie,Naam,Voornaam,Andere voornamen,Geslacht
DESBEV0003,Van Bockstael,Isabelle,,V
DESBEV0002,Boone,Martine,,V
DESBEV0001,Pringels,Inge,,V
DESBEV0000,Vercauteren,Vincent,,M
DESBEV-0001,Noblet,Denny,,M
DESBEV-0002,Vanheghe,Edward,,M
DESBEV-0003,Vandenabeele,Han,,M
DESBEV-0004,Gevaert,Anniek,,V
DESBEV-0005,Boone,Nadine,,V
DESBEV-0006,Keppens,Filip,,M
DESBEV-0007,Coppieters,Marjan,,V
DESBEV-0008,Willaert,Davy,,M
DESBEV-0009,Van Osselaer,Nathalie,,V
DESBEV-0010,Van Goethem,Rein,,V
DESBEV-0011,Goethals,Barabare,,V
DESBEV-0012,Van Bockstael,Isabelle,,V
DESBEV-0013,Boone,Martine,,V
DESBEV-0014,Pringels,Inge,,V
DESBEV-0015,Vercauteren,Vincent,,M
DESBEV-0016,Noblet,Denny,,M
DESBEV-0017,Vanheghe,Edward,,M
DESBEV-0018,Vandenabeele,Han,,M
DESBEV-0019,Gevaert,Anniek,,V
DESBEV-0020,Boone,Nadine,,V
DESBEV-0021,Keppens,Filip,,M
DESBEV-0022,Coppieters,Marjan,,V
DESBEV-0023,Willaert,Davy,,M
DESBEV-0024,Van Osselaer,Nathalie,,V
DESBEV-0025,Van Goethem,Rein,,V
DESBEV-0026,Goethals,Barabare,,V
DESBEV-0027,Van Bockstael,Isabelle,,V
DESBEV-0028,Boone,Martine,,V
DESBEV-0029,Pringels,Inge,,V
DESBEV-0030,Vercauteren,Vincent,,M
DESBEV-0031,Noblet,Denny,,M
DESBEV-0032,Vanheghe,Edward,,M
DESBEV-0033,Vandenabeele,Han,,M
DESBEV-0034,Gevaert,Anniek,,V
DESBEV-0035,Boone,Nadine,,V
DESBEV-0036,Keppens,Filip,,M
DESBEV-0037,Coppieters,Marjan,,V
DESBEV-0038,Willaert,Davy,,M
DESBEV-0039,Van Osselaer,Nathalie,,V
DESBEV-0040,Van Goethem,Rein,,V
DESBEV-0041,Goethals,Barabare,,V
DESBEV-0042,Van Bockstael,Isabelle,,V
DESBEV-0043,Boone,Martine,,V
DESBEV-0044,Pringels,Inge,,V
DESBEV-0045,Vercauteren,Vincent,,M
DESBEV-0046,Noblet,Denny,,M
DESBEV-0047,Vanheghe,Edward,,M
DESBEV-0048,Vandenabeele,Han,,M
DESBEV-0049,Gevaert,Anniek,,V
DESBEV-0050,Boone,Nadine,,V
DESBEV-0051,Keppens,Filip,,M
DESBEV-0052,Coppieters,Marjan,,V
DESBEV-0053,Willaert,Davy,,M
DESBEV-0054,Van Osselaer,Nathalie,,V
DESBEV-0055,Van Goethem,Rein,,V
DESBEV-0056,Goethals,Barabare,,V
DESBEV-0057,Van Bockstael,Isabelle,,V
DESBEV-0058,Boone,Martine,,V
DESBEV-0059,Pringels,Inge,,V
DESBEV-0060,Vercauteren,Vincent,,M
DESBEV-0061,Noblet,Denny,,M
DESBEV-0062,Vanheghe,Edward,,M
DESBEV-0063,Vandenabeele,Han,,M
DESBEV-0064,Gevaert,Anniek,,V
DESBEV-0065,Boone,Nadine,,V
DESBEV-0066,Keppens,Filip,,M
DESBEV-0067,Coppieters,Marjan,,V
DESBEV-0068,Willaert,Davy,,M
DESBEV-0069,Van Osselaer,Nathalie,,V
DESBEV-0070,Van Goethem,Rein,,V
DESBEV-0071,Goethals,Barabare,,V
DESBEV-0072,Van Bockstael,Isabelle,,V
DESBEV-0073,Boone,Martine,,V
DESBEV-0074,Pringels,Inge,,V
DESBEV-0075,Vercauteren,Vincent,,M
DESBEV-0076,Noblet,Denny,,M
DESBEV-0077,Vanheghe,Edward,,M
DESBEV-0078,Vandenabeele,Han,,M
DESBEV-0079,Gevaert,Anniek,,V
DESBEV-0080,Boone,Nadine,,V
DESBEV-0081,Keppens,Filip,,M
DESBEV-0082,Coppieters,Marjan,,V
DESBEV-0083,Willaert,Davy,,M
DESBEV-0084,Van Osselaer,Nathalie,,V
DESBEV-0085,Van Goethem,Rein,,V
DESBEV-0086,Goethals,Barabare,,V
DESBEV-0087,Van Bockstael,Isabelle,,V
DESBEV-0088,Boone,Martine,,V
DESBEV-0089,Pringels,Inge,,V
DESBEV-0090,Vercauteren,Vincent,,M
DESBEV-0091,Noblet,Denny,,M
DESBEV-0092,Vanheghe,Edward,,M
DESBEV-0093,Vandenabeele,Han,,M
DESBEV-0094,Gevaert,Anniek,,V
DESBEV-0095,Boone,Nadine,,V
DESBEV-0096,Keppens,Filip,,M
DESBEV-0097,Coppieters,Marjan,,V
DESBEV-0098,Willaert,Davy,,M
DESBEV-0099,Van Osselaer,Nathalie,,V
DESBEV-0100,Van Goethem,Rein,,V
DESBEV-0101,Goethals,Barabare,,V
DESBEV-0102,Van Bockstael,Isabelle,,V
DESBEV-0103,Boone,Martine,,V
DESBEV-0104,Pringels,Inge,,V
DESBEV-0105,Vercauteren,Vincent,,M
DESBEV-0106,Noblet,Denny,,M
DESBEV-0107,Vanheghe,Edward,,M
DESBEV-0108,Vandenabeele,Han,,M
DESBEV-0109,Gevaert,Anniek,,V
DESBEV-0110,Boone,Nadine,,V
DESBEV-0111,Keppens,Filip,,M
DESBEV-0112,Coppieters,Marjan,,V
DESBEV-0113,Willaert,Davy,,M
DESBEV-0114,Van Osselaer,Nathalie,,V
DESBEV-0115,Van Goethem,Rein,,V
DESBEV-0116,Goethals,Barabare,,V
DESBEV-0117,Van Bockstael,Isabelle,,V
DESBEV-0118,Boone,Martine,,V
DESBEV-0119,Pringels,Inge,,V
DESBEV-0120,Vercauteren,Vincent,,M
DESBEV-0121,Noblet,Denny,,M
DESBEV-0122,Vanheghe,Edward,,M
DESBEV-0123,Vandenabeele,Han,,M
DESBEV-0124,Gevaert,Anniek,,V
DESBEV-0125,Boone,Nadine,,V
DESBEV-0126,Keppens,Filip,,M
DESBEV-0127,Coppieters,Marjan,,V
DESBEV-0128,Willaert,Davy,,M
DESBEV-0129,Van Osselaer,Nathalie,,V
DESBEV-0130,Van Goethem,Rein,,V
DESBEV-0131,Goethals,Barabare,,V
DESBEV-0132,Van Bockstael,Isabelle,,V
DESBEV-0133,Boone,Martine,,V
DESBEV-0134,Pringels,Inge,,V
DESBEV-0135,Vercauteren,Vincent,,M
DESBEV-0136,Noblet,Denny,,M
DESBEV-0137,Vanheghe,Edward,,M
DESBEV-0138,Vandenabeele,Han,,M
DESBEV-0139,Gevaert,Anniek,,V
DESBEV-0140,Boone,Nadine,,V
DESBEV-0141,Keppens,Filip,,M
DESBEV-0142,Coppieters,Marjan,,V
DESBEV-0143,Willaert,Davy,,M
DESBEV-0144,Van Osselaer,Nathalie,,V
DESBEV-0145,Van Goethem,Rein,,V
DESBEV-0146,Goethals,Barabare,,V
DESBEV-0147,Van Bockstael,Isabelle,,V
DESBEV-0148,Boone,Martine,,V
DESBEV-0149,Pringels,Inge,,V
DESBEV-0150,Vercauteren,Vincent,,M
DESBEV-0151,Noblet,Denny,,M
DESBEV-0152,Vanheghe,Edward,,M
DESBEV-0153,Vandenabeele,Han,,M
DESBEV-0154,Gevaert,Anniek,,V
DESBEV-0155,Boone,Nadine,,V
DESBEV-0156,Keppens,Filip,,M
DESBEV-0157,Coppieters,Marjan,,V
DESBEV-0158,Willaert,Davy,,M
DESBEV-0159,Van Osselaer,Nathalie,,V
DESBEV-0160,Van Goethem,Rein,,V
DESBEV-0161,Goethals,Barabare,,V
DESBEV-0162,Van Bockstael,Isabelle,,V
DESBEV-0163,Boone,Martine,,V
DESBEV-0164,Pringels,Inge,,V
DESBEV-0165,Vercauteren,Vincent,,M
DESBEV-0166,Noblet,Denny,,M
DESBEV-0167,Vanheghe,Edward,,M
DESBEV-0168,Vandenabeele,Han,,M
DESBEV-0169,Gevaert,Anniek,,V
DESBEV-0170,Boone,Nadine,,V
DESBEV-0171,Keppens,Filip,,M
DESBEV-0172,Coppieters,Marjan,,V
DESBEV-0173,Willaert,Davy,,M
DESBEV-0174,Van Osselaer,Nathalie,,V
DESBEV-0175,Van Goethem,Rein,,V
DESBEV-0176,Goethals,Barabare,,V
DESBEV-0177,Van Bockstael,Isabelle,,V
DESBEV-0178,Boone,Martine,,V
DESBEV-0179,Pringels,Inge,,V
DESBEV-0180,Vercauteren,Vincent,,M
DESBEV-0181,Noblet,Denny,,M
DESBEV-0182,Vanheghe,Edward,,M
DESBEV-0183,Vandenabeele,Han,,M
DESBEV-0184,Gevaert,Anniek,,V
DESBEV-0185,Boone,Nadine,,V
DESBEV-0186,Keppens,Filip,,M
DESBEV-0187,Coppieters,Marjan,,V
DESBEV-0188,Willaert,Davy,,M
DESBEV-0189,Van Osselaer,Nathalie,,V
DESBEV-0190,Van Goethem,Rein,,V
DESBEV-0191,Goethals,Barabare,,V
DESBEV-0192,Van Bockstael,Isabelle,,V
DESBEV-0193,Boone,Martine,,V
DESBEV-0194,Pringels,Inge,,V
DESBEV-0195,Vercauteren,Vincent,,M
DESBEV-0196,Noblet,Denny,,M
DESBEV-0197,Vanheghe,Edward,,M
DESBEV-0198,Vandenabeele,Han,,M
DESBEV-0199,Gevaert,Anniek,,V
DESBEV-0200,Boone,Nadine,,V
DESBEV-0201,Keppens,Filip,,M
DESBEV-0202,Coppieters,Marjan,,V
DESBEV-0203,Willaert,Davy,,M
DESBEV-0204,Van Osselaer,Nathalie,,V
DESBEV-0205,Van Goethem,Rein,,V
DESBEV-0206,Goethals,Barabare,,V
DESBEV-0207,Van Bockstael,Isabelle,,V
DESBEV-0208,Boone,Martine,,V
DESBEV-0209,Pringels,Inge,,V
DESBEV-0210,Vercauteren,Vincent,,M
DESBEV-0211,Noblet,Denny,,M
DESBEV-0212,Vanheghe,Edward,,M
DESBEV-0213,Vandenabeele,Han,,M
DESBEV-0214,Gevaert,Anniek,,V
DESBEV-0215,Boone,Nadine,,V
DESBEV-0216,Keppens,Filip,,M
DESBEV-0217,Coppieters,Marjan,,V
DESBEV-0218,Willaert,Davy,,M
DESBEV-0219,Van Osselaer,Nathalie,,V
DESBEV-0220,Van Goethem,Rein,,V
DESBEV-0221,Goethals,Barabare,,V
DESBEV-0222,Van Bockstael,Isabelle,,V
DESBEV-0223,Boone,Martine,,V
DESBEV-0224,Pringels,Inge,,V
DESBEV-0225,Vercauteren,Vincent,,M
DESBEV-0226,Noblet,Denny,,M
DESBEV-0227,Vanheghe,Edward,,M
DESBEV-0228,Vandenabeele,Han,,M
DESBEV-0229,Gevaert,Anniek,,V
DESBEV-0230,Boone,Nadine,,V
DESBEV-0231,Keppens,Filip,,M
DESBEV-0232,Coppieters,Marjan,,V
DESBEV-0233,Willaert,Davy,,M
DESBEV-0234,Van Osselaer,Nathalie,,V
DESBEV-0235,Van Goethem,Rein,,V
DESBEV-0236,Goethals,Barabare,,V
DESBEV-0237,Van Bockstael,Isabelle,,V
DESBEV-0238,Boone,Martine,,V
DESBEV-0239,Pringels,Inge,,V
DESBEV-0240,Vercauteren,Vincent,,M
DESBEV-0241,Noblet,Denny,,M
DESBEV-0242,Vanheghe,Edward,,M
DESBEV-0243,Vandenabeele,Han,,M
DESBEV-0244,Gevaert,Anniek,,V
DESBEV-0245,Boone,Nadine,,V
DESBEV-0246,Keppens,Filip,,M
DESBEV-0247,Coppieters,Marjan,,V
DESBEV-0248,Willaert,Davy,,M
DESBEV-0249,Van Osselaer,Nathalie,,V
DESBEV-0250,Van Goethem,Rein,,V
DESBEV-0251,Goethals,Barabare,,V
DESBEV-0252,Van Bockstael,Isabelle,,V
DESBEV-0253,Boone,Martine,,V
DESBEV-0254,Pringels,Inge,,V
DESBEV-0255,Vercauteren,Vincent,,M
DESBEV-0256,Noblet,Denny,,M
DESBEV-0257,Vanheghe,Edward,,M
DESBEV-0258,Vandenabeele,Han,,M
DESBEV-0259,Gevaert,Anniek,,V
DESBEV-0260,Boone,Nadine,,V
DESBEV-0261,Keppens,Filip,,M
DESBEV-0262,Coppieters,Marjan,,V
DESBEV-0263,Willaert,Davy,,M
DESBEV-0264,Van Osselaer,Nathalie,,V
DESBEV-0265,Van Goethem,Rein,,V
DESBEV-0266,Goethals,Barabare,,V
DESBEV-0267,Van Bockstael,Isabelle,,V
DESBEV-0268,Boone,Martine,,V
DESBEV-0269,Pringels,Inge,,V
DESBEV-0270,Vercauteren,Vincent,,M
DESBEV-0271,Noblet,Denny,,M
DESBEV-0272,Vanheghe,Edward,,M
DESBEV-0273,Vandenabeele,Han,,M
DESBEV-0274,Gevaert,Anniek,,V
DESBEV-0275,Boone,Nadine,,V
DESBEV-0276,Keppens,Filip,,M
DESBEV-0277,Coppieters,Marjan,,V
DESBEV-0278,Willaert,Davy,,M
DESBEV-0279,Van Osselaer,Nathalie,,V
DESBEV-0280,Van Goethem,Rein,,V
DESBEV-0281,Goethals,Barabare,,V
DESBEV-0282,Van Bockstael,Isabelle,,V
DESBEV-0283,Boone,Martine,,V
DESBEV-0284,Pringels,Inge,,V
DESBEV-0285,Vercauteren,Vincent,,M
DESBEV-0286,Noblet,Denny,,M
DESBEV-0287,Vanheghe,Edward,,M
DESBEV-0288,Vandenabeele,Han,,M
DESBEV-0289,Gevaert,Anniek,,V
DESBEV-0290,Boone,Nadine,,V
DESBEV-0291,Keppens,Filip,,M
DESBEV-0292,Coppieters,Marjan,,V
DESBEV-0293,Willaert,Davy,,M
DESBEV-0294,Van Osselaer,Nathalie,,V
DESBEV-0295,Van Goethem,Rein,,V
DESBEV-0296,Goethals,Barabare,,V
DESBEV-0297,Van Bockstael,Isabelle,,V
DESBEV-0298,Boone,Martine,,V
DESBEV-0299,Pringels,Inge,,V
DESBEV-0300,Vercauteren,Vincent,,M
DESBEV-0301,Noblet,Denny,,M
DESBEV-0302,Vanheghe,Edward,,M
DESBEV-0303,Vandenabeele,Han,,M
DESBEV-0304,Gevaert,Anniek,,V
DESBEV-0305,Boone,Nadine,,V
DESBEV-0306,Keppens,Filip,,M
DESBEV-0307,Coppieters,Marjan,,V
DESBEV-0308,Willaert,Davy,,M
DESBEV-0309,Van Osselaer,Nathalie,,V
DESBEV-0310,Van Goethem,Rein,,V
DESBEV-0311,Goethals,Barabare,,V
DESBEV-0312,Van Bockstael,Isabelle,,V
DESBEV-0313,Boone,Martine,,V
DESBEV-0314,Pringels,Inge,,V
DESBEV-0315,Vercauteren,Vincent,,M
DESBEV-0316,Noblet,Denny,,M
DESBEV-0317,Vanheghe,Edward,,M
DESBEV-0318,Vandenabeele,Han,,M
DESBEV-0319,Gevaert,Anniek,,V
DESBEV-0320,Boone,Nadine,,V
DESBEV-0321,Keppens,Filip,,M
DESBEV-0322,Coppieters,Marjan,,V
DESBEV-0323,Willaert,Davy,,M
DESBEV-0324,Van Osselaer,Nathalie,,V
DESBEV-0325,Van Goethem,Rein,,V
DESBEV-0326,Goethals,Barabare,,V
DESBEV-0327,Van Bockstael,Isabelle,,V
DESBEV-0328,Boone,Martine,,V
DESBEV-0329,Pringels,Inge,,V
DESBEV-0330,Vercauteren,Vincent,,M
DESBEV-0331,Noblet,Denny,,M
DESBEV-0332,Vanheghe,Edward,,M
DESBEV-0333,Vandenabeele,Han,,M
DESBEV-0334,Gevaert,Anniek,,V
DESBEV-0335,Boone,Nadine,,V
DESBEV-0336,Keppens,Filip,,M
DESBEV-0337,Coppieters,Marjan,,V
DESBEV-0338,Willaert,Davy,,M
DESBEV-0339,Van Osselaer,Nathalie,,V
DESBEV-0340,Van Goethem,Rein,,V
DESBEV-0341,Goethals,Barabare,,V
DESBEV-0342,Van Bockstael,Isabelle,,V
DESBEV-0343,Boone,Martine,,V
DESBEV-0344,Pringels,Inge,,V
DESBEV-0345,Vercauteren,Vincent,,M
DESBEV-0346,Noblet,Denny,,M
DESBEV-0347,Vanheghe,Edward,,M
DESBEV-0348,Vandenabeele,Han,,M
DESBEV-0349,Gevaert,Anniek,,V
DESBEV-0350,Boone,Nadine,,V
DESBEV-0351,Keppens,Filip,,M
DESBEV-0352,Coppieters,Marjan,,V
DESBEV-0353,Willaert,Davy,,M
DESBEV-0354,Van Osselaer,Nathalie,,V
DESBEV-0355,Van Goethem,Rein,,V
DESBEV-0356,Goethals,Barabare,,V
DESBEV-0357,Van Bockstael,Isabelle,,V
DESBEV-0358,Boone,Martine,,V
DESBEV-0359,Pringels,Inge,,V
DESBEV-0360,Vercauteren,Vincent,,M
DESBEV-0361,Noblet,Denny,,M
DESBEV-0362,Vanheghe,Edward,,M
DESBEV-0363,Vandenabeele,Han,,M
DESBEV-0364,Gevaert,Anniek,,V
DESBEV-0365,Boone,Nadine,,V
DESBEV-0366,Keppens,Filip,,M
DESBEV-0367,Coppieters,Marjan,,V
DESBEV-0368,Willaert,Davy,,M
DESBEV-0369,Van Osselaer,Nathalie,,V
DESBEV-0370,Van Goethem,Rein,,V
DESBEV-0371,Goethals,Barabare,,V
DESBEV-0372,Van Bockstael,Isabelle,,V
DESBEV-0373,Boone,Martine,,V
DESBEV-0374,Pringels,Inge,,V
DESBEV-0375,Vercauteren,Vincent,,M
DESBEV-0376,Noblet,Denny,,M
DESBEV-0377,Vanheghe,Edward,,M
DESBEV-0378,Vandenabeele,Han,,M
DESBEV-0379,Gevaert,Anniek,,V
DESBEV-0380,Boone,Nadine,,V
DESBEV-0381,Keppens,Filip,,M
DESBEV-0382,Coppieters,Marjan,,V
DESBEV-0383,Willaert,Davy,,M
DESBEV-0384,Van Osselaer,Nathalie,,V
DESBEV-0385,Van Goethem,Rein,,V
DESBEV-0386,Goethals,Barabare,,V
DESBEV-0387,Van Bockstael,Isabelle,,V
DESBEV-0388,Boone,Martine,,V
DESBEV-0389,Pringels,Inge,,V
DESBEV-0390,Vercauteren,Vincent,,M
DESBEV-0391,Noblet,Denny,,M
DESBEV-0392,Vanheghe,Edward,,M
DESBEV-0393,Vandenabeele,Han,,M
DESBEV-0394,Gevaert,Anniek,,V
DESBEV-0395,Boone,Nadine,,V
DESBEV-0396,Keppens,Filip,,M
DESBEV-0397,Coppieters,Marjan,,V
DESBEV-0398,Willaert,Davy,,M
DESBEV-0399,Van Osselaer,Nathalie,,V
DESBEV-0400,Van Goethem,Rein,,V
DESBEV-0401,Goethals,Barabare,,V
DESBEV-0402,Van Bockstael,Isabelle,,V
DESBEV-0403,Boone,Martine,,V
DESBEV-0404,Pringels,Inge,,V
DESBEV-0405,Vercauteren,Vincent,,M
DESBEV-0406,Noblet,Denny,,M
DESBEV-0407,Vanheghe,Edward,,M
DESBEV-0408,Vandenabeele,Han,,M
DESBEV-0409,Gevaert,Anniek,,V
DESBEV-0410,Boone,Nadine,,V
DESBEV-0411,Keppens,Filip,,M
DESBEV-0412,Coppieters,Marjan,,V
DESBEV-0413,Willaert,Davy,,M
DESBEV-0414,Van Osselaer,Nathalie,,V
DESBEV-0415,Van Goethem,Rein,,V
DESBEV-0416,Goethals,Barabare,,V
DESBEV-0417,Van Bockstael,Isabelle,,V
DESBEV-0418,Boone,Martine,,V
DESBEV-0419,Pringels,Inge,,V
DESBEV-0420,Vercauteren,Vincent,,M
DESBEV-0421,Noblet,Denny,,M
DESBEV-0422,Vanheghe,Edward,,M
DESBEV-0423,Vandenabeele,Han,,M
DESBEV-0424,Gevaert,Anniek,,V
DESBEV-0425,Boone,Nadine,,V
DESBEV-0426,Keppens,Filip,,M
DESBEV-0427,Coppieters,Marjan,,V
DESBEV-0428,Willaert,Davy,,M
DESBEV-0429,Van Osselaer,Nathalie,,V
DESBEV-0430,Van Goethem,Rein,,V
DESBEV-0431,Goethals,Barabare,,V
DESBEV-0432,Van Bockstael,Isabelle,,V
DESBEV-0433,Boone,Martine,,V
DESBEV-0434,Pringels,Inge,,V
DESBEV-0435,Vercauteren,Vincent,,M
DESBEV-0436,Noblet,Denny,,M
DESBEV-0437,Vanheghe,Edward,,M
DESBEV-0438,Vandenabeele,Han,,M
DESBEV-0439,Gevaert,Anniek,,V
DESBEV-0440,Boone,Nadine,,V
DESBEV-0441,Keppens,Filip,,M
DESBEV-0442,Coppieters,Marjan,,V
DESBEV-0443,Willaert,Davy,,M
DESBEV-0444,Van Osselaer,Nathalie,,V
DESBEV-0445,Van Goethem,Rein,,V
DESBEV-0446,Goethals,Barabare,,V
DESBEV-0447,Van Bockstael,Isabelle,,V
DESBEV-0448,Boone,Martine,,V
DESBEV-0449,Pringels,Inge,,V
DESBEV-0450,Vercauteren,Vincent,,M
DESBEV-0451,Noblet,Denny,,M
DESBEV-0452,Vanheghe,Edward,,M
DESBEV-0453,Vandenabeele,Han,,M
DESBEV-0454,Gevaert,Anniek,,V
DESBEV-0455,Boone,Nadine,,V
DESBEV-0456,Keppens,Filip,,M
DESBEV-0457,Coppieters,Marjan,,V
DESBEV-0458,Willaert,Davy,,M
DESBEV-0459,Van Osselaer,Nathalie,,V
DESBEV-0460,Van Goethem,Rein,,V
DESBEV-0461,Goethals,Barabare,,V
DESBEV-0462,Van Bockstael,Isabelle,,V
DESBEV-0463,Boone,Martine,,V
DESBEV-0464,Pringels,Inge,,V
DESBEV-0465,Vercauteren,Vincent,,M
DESBEV-0466,Noblet,Denny,,M
DESBEV-0467,Vanheghe,Edward,,M
DESBEV-0468,Vandenabeele,Han,,M
DESBEV-0469,Gevaert,Anniek,,V
DESBEV-0470,Boone,Nadine,,V
DESBEV-0471,Keppens,Filip,,M
DESBEV-0472,Coppieters,Marjan,,V
DESBEV-0473,Willaert,Davy,,M
DESBEV-0474,Van Osselaer,Nathalie,,V
DESBEV-0475,Van Goethem,Rein,,V
DESBEV-0476,Goethals,Barabare,,V
DESBEV-0477,Van Bockstael,Isabelle,,V
DESBEV-0478,Boone,Martine,,V
DESBEV-0479,Pringels,Inge,,V
DESBEV-0480,Vercauteren,Vincent,,M
DESBEV-0481,Noblet,Denny,,M
DESBEV-0482,Vanheghe,Edward,,M
DESBEV-0483,Vandenabeele,Han,,M
DESBEV-0484,Gevaert,Anniek,,V
DESBEV-0485,Boone,Nadine,,V
DESBEV-0486,Keppens,Filip,,M
DESBEV-0487,Coppieters,Marjan,,V
DESBEV-0488,Willaert,Davy,,M
DESBEV-0489,Van Osselaer,Nathalie,,V
DESBEV-0490,Van Goethem,Rein,,V
DESBEV-0491,Goethals,Barabare,,V
DESBEV-0492,Van Bockstael,Isabelle,,V
DESBEV-0493,Boone,Martine,,V
DESBEV-0494,Pringels,Inge,,V
DESBEV-0495,Vercauteren,Vincent,,M
DESBEV-0496,Noblet,Denny,,M
DESBEV-0497,Vanheghe,Edward,,M
DESBEV-0498,Vandenabeele,Han,,M
DESBEV-0499,Gevaert,Anniek,,V
DESBEV-0500,Boone,Nadine,,V
DESBEV-0501,Keppens,Filip,,M
DESBEV-0502,Coppieters,Marjan,,V
DESBEV-0503,Willaert,Davy,,M
DESBEV-0504,Van Osselaer,Nathalie,,V
DESBEV-0505,Van Goethem,Rein,,V
DESBEV-0506,Goethals,Barabare,,V
DESBEV-0507,Van Bockstael,Isabelle,,V
DESBEV-0508,Boone,Martine,,V
DESBEV-0509,Pringels,Inge,,V
DESBEV-0510,Vercauteren,Vincent,,M
DESBEV-0511,Noblet,Denny,,M
DESBEV-0512,Vanheghe,Edward,,M
DESBEV-0513,Vandenabeele,Han,,M
DESBEV-0514,Gevaert,Anniek,,V
DESBEV-0515,Boone,Nadine,,V
DESBEV-0516,Keppens,Filip,,M
DESBEV-0517,Coppieters,Marjan,,V
DESBEV-0518,Willaert,Davy,,M
DESBEV-0519,Van Osselaer,Nathalie,,V
DESBEV-0520,Van Goethem,Rein,,V
DESBEV-0521,Goethals,Barabare,,V
DESBEV-0522,Van Bockstael,Isabelle,,V
DESBEV-0523,Boone,Martine,,V
DESBEV-0524,Pringels,Inge,,V
DESBEV-0525,Vercauteren,Vincent,,M
DESBEV-0526,Noblet,Denny,,M
DESBEV-0527,Vanheghe,Edward,,M
DESBEV-0528,Vandenabeele,Han,,M
DESBEV-0529,Gevaert,Anniek,,V
DESBEV-0530,Boone,Nadine,,V
DESBEV-0531,Keppens,Filip,,M
DESBEV-0532,Coppieters,Marjan,,V
DESBEV-0533,Willaert,Davy,,M
DESBEV-0534,Van Osselaer,Nathalie,,V
DESBEV-0535,Van Goethem,Rein,,V
DESBEV-0536,Goethals,Barabare,,V
DESBEV-0537,Van Bockstael,Isabelle,,V
DESBEV-0538,Boone,Martine,,V
DESBEV-0539,Pringels,Inge,,V
DESBEV-0540,Vercauteren,Vincent,,M
DESBEV-0541,Noblet,Denny,,M
DESBEV-0542,Vanheghe,Edward,,M
DESBEV-0543,Vandenabeele,Han,,M
DESBEV-0544,Gevaert,Anniek,,V
DESBEV-0545,Boone,Nadine,,V
DESBEV-0546,Keppens,Filip,,M
DESBEV-0547,Coppieters,Marjan,,V
DESBEV-0548,Willaert,Davy,,M
DESBEV-0549,Van Osselaer,Nathalie,,V
DESBEV-0550,Van Goethem,Rein,,V
DESBEV-0551,Goethals,Barabare,,V
DESBEV-0552,Van Bockstael,Isabelle,,V
DESBEV-0553,Boone,Martine,,V
DESBEV-0554,Pringels,Inge,,V
DESBEV-0555,Vercauteren,Vincent,,M
DESBEV-0556,Noblet,Denny,,M
DESBEV-0557,Vanheghe,Edward,,M
DESBEV-0558,Vandenabeele,Han,,M
DESBEV-0559,Gevaert,Anniek,,V
DESBEV-0560,Boone,Nadine,,V
DESBEV-0561,Keppens,Filip,,M
DESBEV-0562,Coppieters,Marjan,,V
DESBEV-0563,Willaert,Davy,,M
DESBEV-0564,Van Osselaer,Nathalie,,V
DESBEV-0565,Van Goethem,Rein,,V
DESBEV-0566,Goethals,Barabare,,V
DESBEV-0567,Van Bockstael,Isabelle,,V
DESBEV-0568,Boone,Martine,,V
DESBEV-0569,Pringels,Inge,,V
DESBEV-0570,Vercauteren,Vincent,,M
DESBEV-0571,Noblet,Denny,,M
DESBEV-0572,Vanheghe,Edward,,M
DESBEV-0573,Vandenabeele,Han,,M
DESBEV-0574,Gevaert,Anniek,,V
DESBEV-0575,Boone,Nadine,,V
DESBEV-0576,Keppens,Filip,,M
DESBEV-0577,Coppieters,Marjan,,V
DESBEV-0578,Willaert,Davy,,M
DESBEV-0579,Van Osselaer,Nathalie,,V
DESBEV-0580,Van Goethem,Rein,,V
DESBEV-0581,Goethals,Barabare,,V
DESBEV-0582,Van Bockstael,Isabelle,,V
DESBEV-0583,Boone,Martine,,V
DESBEV-0584,Pringels,Inge,,V
DESBEV-0585,Vercauteren,Vincent,,M
DESBEV-0586,Noblet,Denny,,M
DESBEV-0587,Vanheghe,Edward,,M
DESBEV-0588,Vandenabeele,Han,,M
DESBEV-0589,Gevaert,Anniek,,V
DESBEV-0590,Boone,Nadine,,V
DESBEV-0591,Keppens,Filip,,M
DESBEV-0592,Coppieters,Marjan,,V
DESBEV-0593,Willaert,Davy,,M
DESBEV-0594,Van Osselaer,Nathalie,,V
DESBEV-0595,Van Goethem,Rein,,V
DESBEV-0596,Goethals,Barabare,,V
DESBEV-0597,Van Bockstael,Isabelle,,V
DESBEV-0598,Boone,Martine,,V
DESBEV-0599,Pringels,Inge,,V
DESBEV-0600,Vercauteren,Vincent,,M
DESBEV-0601,Noblet,Denny,,M
DESBEV-0602,Vanheghe,Edward,,M
DESBEV-0603,Vandenabeele,Han,,M
DESBEV-0604,Gevaert,Anniek,,V
DESBEV-0605,Boone,Nadine,,V
DESBEV-0606,Keppens,Filip,,M
DESBEV-0607,Coppieters,Marjan,,V
DESBEV-0608,Willaert,Davy,,M
DESBEV-0609,Van Osselaer,Nathalie,,V
DESBEV-0610,Van Goethem,Rein,,V
DESBEV-0611,Goethals,Barabare,,V
DESBEV-0612,Van Bockstael,Isabelle,,V
DESBEV-0613,Boone,Martine,,V
DESBEV-0614,Pringels,Inge,,V
DESBEV-0615,Vercauteren,Vincent,,M
DESBEV-0616,Noblet,Denny,,M
DESBEV-0617,Vanheghe,Edward,,M
DESBEV-0618,Vandenabeele,Han,,M
DESBEV-0619,Gevaert,Anniek,,V
DESBEV-0620,Boone,Nadine,,V
DESBEV-0621,Keppens,Filip,,M
DESBEV-0622,Coppieters,Marjan,,V
DESBEV-0623,Willaert,Davy,,M
DESBEV-0624,Van Osselaer,Nathalie,,V
DESBEV-0625,Van Goethem,Rein,,V
DESBEV-0626,Goethals,Barabare,,V
DESBEV-0627,Van Bockstael,Isabelle,,V
DESBEV-0628,Boone,Martine,,V
DESBEV-0629,Pringels,Inge,,V
DESBEV-0630,Vercauteren,Vincent,,M
DESBEV-0631,Noblet,Denny,,M
DESBEV-0632,Vanheghe,Edward,,M
DESBEV-0633,Vandenabeele,Han,,M
DESBEV-0634,Gevaert,Anniek,,V
DESBEV-0635,Boone,Nadine,,V
DESBEV-0636,Keppens,Filip,,M
DESBEV-0637,Coppieters,Marjan,,V
DESBEV-0638,Willaert,Davy,,M
DESBEV-0639,Van Osselaer,Nathalie,,V
DESBEV-0640,Van Goethem,Rein,,V
DESBEV-0641,Goethals,Barabare,,V
DESBEV-0642,Van Bockstael,Isabelle,,V
DESBEV-0643,Boone,Martine,,V
DESBEV-0644,Pringels,Inge,,V
DESBEV-0645,Vercauteren,Vincent,,M
DESBEV-0646,Noblet,Denny,,M
DESBEV-0647,Vanheghe,Edward,,M
DESBEV-0648,Vandenabeele,Han,,M
DESBEV-0649,Gevaert,Anniek,,V
DESBEV-0650,Boone,Nadine,,V
DESBEV-0651,Keppens,Filip,,M
DESBEV-0652,Coppieters,Marjan,,V
DESBEV-0653,Willaert,Davy,,M
DESBEV-0654,Van Osselaer,Nathalie,,V
DESBEV-0655,Van Goethem,Rein,,V
DESBEV-0656,Goethals,Barabare,,V
DESBEV-0657,Van Bockstael,Isabelle,,V
DESBEV-0658,Boone,Martine,,V
DESBEV-0659,Pringels,Inge,,V
DESBEV-0660,Vercauteren,Vincent,,M
DESBEV-0661,Noblet,Denny,,M
DESBEV-0662,Vanheghe,Edward,,M
DESBEV-0663,Vandenabeele,Han,,M
DESBEV-0664,Gevaert,Anniek,,V
DESBEV-0665,Boone,Nadine,,V
DESBEV-0666,Keppens,Filip,,M
DESBEV-0667,Coppieters,Marjan,,V
DESBEV-0668,Willaert,Davy,,M
DESBEV-0669,Van Osselaer,Nathalie,,V
DESBEV-0670,Van Goethem,Rein,,V
DESBEV-0671,Goethals,Barabare,,V
DESBEV-0672,Van Bockstael,Isabelle,,V
DESBEV-0673,Boone,Martine,,V
DESBEV-0674,Pringels,Inge,,V
DESBEV-0675,Vercauteren,Vincent,,M
DESBEV-0676,Noblet,Denny,,M
DESBEV-0677,Vanheghe,Edward,,M
DESBEV-0678,Vandenabeele,Han,,M
DESBEV-0679,Gevaert,Anniek,,V
DESBEV-0680,Boone,Nadine,,V
DESBEV-0681,Keppens,Filip,,M
DESBEV-0682,Coppieters,Marjan,,V
DESBEV-0683,Willaert,Davy,,M
DESBEV-0684,Van Osselaer,Nathalie,,V
DESBEV-0685,Van Goethem,Rein,,V
DESBEV-0686,Goethals,Barabare,,V
DESBEV-0687,Van Bockstael,Isabelle,,V
DESBEV-0688,Boone,Martine,,V
DESBEV-0689,Pringels,Inge,,V
DESBEV-0690,Vercauteren,Vincent,,M
DESBEV-0691,Noblet,Denny,,M
DESBEV-0692,Vanheghe,Edward,,M
DESBEV-0693,Vandenabeele,Han,,M
DESBEV-0694,Gevaert,Anniek,,V
DESBEV-0695,Boone,Nadine,,V
DESBEV-0696,Keppens,Filip,,M
DESBEV-0697,Coppieters,Marjan,,V
DESBEV-0698,Willaert,Davy,,M
DESBEV-0699,Van Osselaer,Nathalie,,V
DESBEV-0700,Van Goethem,Rein,,V
DESBEV-0701,Goethals,Barabare,,V
DESBEV-0702,Van Bockstael,Isabelle,,V
DESBEV-0703,Boone,Martine,,V
DESBEV-0704,Pringels,Inge,,V
DESBEV-0705,Vercauteren,Vincent,,M
DESBEV-0706,Noblet,Denny,,M
DESBEV-0707,Vanheghe,Edward,,M
DESBEV-0708,Vandenabeele,Han,,M
DESBEV-0709,Gevaert,Anniek,,V
DESBEV-0710,Boone,Nadine,,V
DESBEV-0711,Keppens,Filip,,M
DESBEV-0712,Coppieters,Marjan,,V
DESBEV-0713,Willaert,Davy,,M
DESBEV-0714,Van Osselaer,Nathalie,,V
DESBEV-0715,Van Goethem,Rein,,V
DESBEV-0716,Goethals,Barabare,,V
DESBEV-0717,Van Bockstael,Isabelle,,V
DESBEV-0718,Boone,Martine,,V
DESBEV-0719,Pringels,Inge,,V
DESBEV-0720,Vercauteren,Vincent,,M
DESBEV-0721,Noblet,Denny,,M
DESBEV-0722,Vanheghe,Edward,,M
DESBEV-0723,Vandenabeele,Han,,M
DESBEV-0724,Gevaert,Anniek,,V
DESBEV-0725,Boone,Nadine,,V
DESBEV-0726,Keppens,Filip,,M
DESBEV-0727,Coppieters,Marjan,,V
DESBEV-0728,Willaert,Davy,,M
DESBEV-0729,Van Osselaer,Nathalie,,V
DESBEV-0730,Van Goethem,Rein,,V
DESBEV-0731,Goethals,Barabare,,V
DESBEV-0732,Van Bockstael,Isabelle,,V
DESBEV-0733,Boone,Martine,,V
DESBEV-0734,Pringels,Inge,,V
DESBEV-0735,Vercauteren,Vincent,,M
DESBEV-0736,Noblet,Denny,,M
DESBEV-0737,Vanheghe,Edward,,M
DESBEV-0738,Vandenabeele,Han,,M
DESBEV-0739,Gevaert,Anniek,,V
DESBEV-0740,Boone,Nadine,,V
DESBEV-0741,Keppens,Filip,,M
DESBEV-0742,Coppieters,Marjan,,V
DESBEV-0743,Willaert,Davy,,M
DESBEV-0744,Van Osselaer,Nathalie,,V
DESBEV-0745,Van Goethem,Rein,,V
DESBEV-0746,Goethals,Barabare,,V
DESBEV-0747,Van Bockstael,Isabelle,,V
DESBEV-0748,Boone,Martine,,V
DESBEV-0749,Pringels,Inge,,V
DESBEV-0750,Vercauteren,Vincent,,M
DESBEV-0751,Noblet,Denny,,M
DESBEV-0752,Vanheghe,Edward,,M
DESBEV-0753,Vandenabeele,Han,,M
DESBEV-0754,Gevaert,Anniek,,V
DESBEV-0755,Boone,Nadine,,V
DESBEV-0756,Keppens,Filip,,M
DESBEV-0757,Coppieters,Marjan,,V
DESBEV-0758,Willaert,Davy,,M
DESBEV-0759,Van Osselaer,Nathalie,,V
DESBEV-0760,Van Goethem,Rein,,V
DESBEV-0761,Goethals,Barabare,,V
DESBEV-0762,Van Bockstael,Isabelle,,V
DESBEV-0763,Boone,Martine,,V
DESBEV-0764,Pringels,Inge,,V
DESBEV-0765,Vercauteren,Vincent,,M
DESBEV-0766,Noblet,Denny,,M
DESBEV-0767,Vanheghe,Edward,,M
DESBEV-0768,Vandenabeele,Han,,M
DESBEV-0769,Gevaert,Anniek,,V
DESBEV-0770,Boone,Nadine,,V
DESBEV-0771,Keppens,Filip,,M
DESBEV-0772,Coppieters,Marjan,,V
DESBEV-0773,Willaert,Davy,,M
DESBEV-0774,Van Osselaer,Nathalie,,V
DESBEV-0775,Van Goethem,Rein,,V
DESBEV-0776,Goethals,Barabare,,V
DESBEV-0777,Van Bockstael,Isabelle,,V
DESBEV-0778,Boone,Martine,,V
DESBEV-0779,Pringels,Inge,,V
DESBEV-0780,Vercauteren,Vincent,,M
DESBEV-0781,Noblet,Denny,,M
DESBEV-0782,Vanheghe,Edward,,M
DESBEV-0783,Vandenabeele,Han,,M
DESBEV-0784,Gevaert,Anniek,,V
DESBEV-0785,Boone,Nadine,,V
DESBEV-0786,Keppens,Filip,,M
DESBEV-0787,Coppieters,Marjan,,V
DESBEV-0788,Willaert,Davy,,M
DESBEV-0789,Van Osselaer,Nathalie,,V
DESBEV-0790,Van Goethem,Rein,,V
DESBEV-0791,Goethals,Barabare,,V
DESBEV-0792,Van Bockstael,Isabelle,,V
DESBEV-0793,Boone,Martine,,V
DESBEV-0794,Pringels,Inge,,V
DESBEV-0795,Vercauteren,Vincent,,M
DESBEV-0796,Noblet,Denny,,M
DESBEV-0797,Vanheghe,Edward,,M
DESBEV-0798,Vandenabeele,Han,,M
DESBEV-0799,Gevaert,Anniek,,V
DESBEV-0800,Boone,Nadine,,V
DESBEV-0801,Keppens,Filip,,M
DESBEV-0802,Coppieters,Marjan,,V
DESBEV-0803,Willaert,Davy,,M
DESBEV-0804,Van Osselaer,Nathalie,,V
DESBEV-0805,Van Goethem,Rein,,V
DESBEV-0806,Goethals,Barabare,,V
DESBEV-0807,Van Bockstael,Isabelle,,V
DESBEV-0808,Boone,Martine,,V
DESBEV-0809,Pringels,Inge,,V
DESBEV-0810,Vercauteren,Vincent,,M
DESBEV-0811,Noblet,Denny,,M
DESBEV-0812,Vanheghe,Edward,,M
DESBEV-0813,Vandenabeele,Han,,M
DESBEV-0814,Gevaert,Anniek,,V
DESBEV-0815,Boone,Nadine,,V
DESBEV-0816,Keppens,Filip,,M
DESBEV-0817,Coppieters,Marjan,,V
DESBEV-0818,Willaert,Davy,,M
DESBEV-0819,Van Osselaer,Nathalie,,V
DESBEV-0820,Van Goethem,Rein,,V
DESBEV-0821,Goethals,Barabare,,V
DESBEV-0822,Van Bockstael,Isabelle,,V
DESBEV-0823,Boone,Martine,,V
DESBEV-0824,Pringels,Inge,,V
DESBEV-0825,Vercauteren,Vincent,,M
DESBEV-0826,Noblet,Denny,,M
DESBEV-0827,Vanheghe,Edward,,M
DESBEV-0828,Vandenabeele,Han,,M
DESBEV-0829,Gevaert,Anniek,,V
DESBEV-0830,Boone,Nadine,,V
DESBEV-0831,Keppens,Filip,,M
DESBEV-0832,Coppieters,Marjan,,V
DESBEV-0833,Willaert,Davy,,M
DESBEV-0834,Van Osselaer,Nathalie,,V
DESBEV-0835,Van Goethem,Rein,,V
DESBEV-0836,Goethals,Barabare,,V
DESBEV-0837,Van Bockstael,Isabelle,,V
DESBEV-0838,Boone,Martine,,V
DESBEV-0839,Pringels,Inge,,V
DESBEV-0840,Vercauteren,Vincent,,M
DESBEV-0841,Noblet,Denny,,M
DESBEV-0842,Vanheghe,Edward,,M
DESBEV-0843,Vandenabeele,Han,,M
DESBEV-0844,Gevaert,Anniek,,V
DESBEV-0845,Boone,Nadine,,V
DESBEV-0846,Keppens,Filip,,M
DESBEV-0847,Coppieters,Marjan,,V
DESBEV-0848,Willaert,Davy,,M
DESBEV-0849,Van Osselaer,Nathalie,,V
DESBEV-0850,Van Goethem,Rein,,V
DESBEV-0851,Goethals,Barabare,,V
DESBEV-0852,Van Bockstael,Isabelle,,V
DESBEV-0853,Boone,Martine,,V
DESBEV-0854,Pringels,Inge,,V
DESBEV-0855,Vercauteren,Vincent,,M
DESBEV-0856,Noblet,Denny,,M
DESBEV-0857,Vanheghe,Edward,,M
DESBEV-0858,Vandenabeele,Han,,M
DESBEV-0859,Gevaert,Anniek,,V
DESBEV-0860,Boone,Nadine,,V
DESBEV-0861,Keppens,Filip,,M
DESBEV-0862,Coppieters,Marjan,,V
DESBEV-0863,Willaert,Davy,,M
DESBEV-0864,Van Osselaer,Nathalie,,V
DESBEV-0865,Van Goethem,Rein,,V
DESBEV-0866,Goethals,Barabare,,V
DESBEV-0867,Van Bockstael,Isabelle,,V
DESBEV-0868,Boone,Martine,,V
DESBEV-0869,Pringels,Inge,,V
DESBEV-0870,Vercauteren,Vincent,,M
DESBEV-0871,Noblet,Denny,,M
DESBEV-0872,Vanheghe,Edward,,M
DESBEV-0873,Vandenabeele,Han,,M
DESBEV-0874,Gevaert,Anniek,,V
DESBEV-0875,Boone,Nadine,,V
DESBEV-0876,Keppens,Filip,,M
DESBEV-0877,Coppieters,Marjan,,V
DESBEV-0878,Willaert,Davy,,M
DESBEV-0879,Van Osselaer,Nathalie,,V
DESBEV-0880,Van Goethem,Rein,,V
DESBEV-0881,Goethals,Barabare,,V
DESBEV-0882,Van Bockstael,Isabelle,,V
DESBEV-0883,Boone,Martine,,V
DESBEV-0884,Pringels,Inge,,V
DESBEV-0885,Vercauteren,Vincent,,M
DESBEV-0886,Noblet,Denny,,M
DESBEV-0887,Vanheghe,Edward,,M
DESBEV-0888,Vandenabeele,Han,,M
DESBEV-0889,Gevaert,Anniek,,V
DESBEV-0890,Boone,Nadine,,V
DESBEV-0891,Keppens,Filip,,M
DESBEV-0892,Coppieters,Marjan,,V
DESBEV-0893,Willaert,Davy,,M
DESBEV-0894,Van Osselaer,Nathalie,,V
DESBEV-0895,Van Goethem,Rein,,V
DESBEV-0896,Goethals,Barabare,,V
DESBEV-0897,Van Bockstael,Isabelle,,V
DESBEV-0898,Boone,Martine,,V
DESBEV-0899,Pringels,Inge,,V
DESBEV-0900,Vercauteren,Vincent,,M
DESBEV-0901,Noblet,Denny,,M
DESBEV-0902,Vanheghe,Edward,,M
DESBEV-0903,Vandenabeele,Han,,M
DESBEV-0904,Gevaert,Anniek,,V
DESBEV-0905,Boone,Nadine,,V
DESBEV-0906,Keppens,Filip,,M
DESBEV-0907,Coppieters,Marjan,,V
DESBEV-0908,Willaert,Davy,,M
DESBEV-0909,Van Osselaer,Nathalie,,V
DESBEV-0910,Van Goethem,Rein,,V
DESBEV-0911,Goethals,Barabare,,V
DESBEV-0912,Van Bockstael,Isabelle,,V
DESBEV-0913,Boone,Martine,,V
DESBEV-0914,Pringels,Inge,,V
DESBEV-0915,Vercauteren,Vincent,,M
DESBEV-0916,Noblet,Denny,,M
DESBEV-0917,Vanheghe,Edward,,M
DESBEV-0918,Vandenabeele,Han,,M
DESBEV-0919,Gevaert,Anniek,,V
DESBEV-0920,Boone,Nadine,,V
DESBEV-0921,Keppens,Filip,,M
DESBEV-0922,Coppieters,Marjan,,V
DESBEV-0923,Willaert,Davy,,M
DESBEV-0924,Van Osselaer,Nathalie,,V
DESBEV-0925,Van Goethem,Rein,,V
DESBEV-0926,Goethals,Barabare,,V
DESBEV-0927,Van Bockstael,Isabelle,,V
DESBEV-0928,Boone,Martine,,V
DESBEV-0929,Pringels,Inge,,V
DESBEV-0930,Vercauteren,Vincent,,M
DESBEV-0931,Noblet,Denny,,M
DESBEV-0932,Vanheghe,Edward,,M
DESBEV-0933,Vandenabeele,Han,,M
DESBEV-0934,Gevaert,Anniek,,V
DESBEV-0935,Boone,Nadine,,V
DESBEV-0936,Keppens,Filip,,M
DESBEV-0937,Coppieters,Marjan,,V
DESBEV-0938,Willaert,Davy,,M
DESBEV-0939,Van Osselaer,Nathalie,,V
DESBEV-0940,Van Goethem,Rein,,V
DESBEV-0941,Goethals,Barabare,,V
DESBEV-0942,Van Bockstael,Isabelle,,V
DESBEV-0943,Boone,Martine,,V
DESBEV-0944,Pringels,Inge,,V
DESBEV-0945,Vercauteren,Vincent,,M
DESBEV-0946,Noblet,Denny,,M
DESBEV-0947,Vanheghe,Edward,,M
DESBEV-0948,Vandenabeele,Han,,M
DESBEV-0949,Gevaert,Anniek,,V
DESBEV-0950,Boone,Nadine,,V
DESBEV-0951,Keppens,Filip,,M
DESBEV-0952,Coppieters,Marjan,,V
DESBEV-0953,Willaert,Davy,,M
DESBEV-0954,Van Osselaer,Nathalie,,V
DESBEV-0955,Van Goethem,Rein,,V
DESBEV-0956,Goethals,Barabare,,V
DESBEV-0957,Van Bockstael,Isabelle,,V
DESBEV-0958,Boone,Martine,,V
DESBEV-0959,Pringels,Inge,,V
DESBEV-0960,Vercauteren,Vincent,,M
DESBEV-0961,Noblet,Denny,,M
DESBEV-0962,Vanheghe,Edward,,M
DESBEV-0963,Vandenabeele,Han,,M
DESBEV-0964,Gevaert,Anniek,,V
DESBEV-0965,Boone,Nadine,,V
DESBEV-0966,Keppens,Filip,,M
DESBEV-0967,Coppieters,Marjan,,V
DESBEV-0968,Willaert,Davy,,M
DESBEV-0969,Van Osselaer,Nathalie,,V
DESBEV-0970,Van Goethem,Rein,,V
DESBEV-0971,Goethals,Barabare,,V
DESBEV-0972,Van Bockstael,Isabelle,,V
DESBEV-0973,Boone,Martine,,V
DESBEV-0974,Pringels,Inge,,V
DESBEV-0975,Vercauteren,Vincent,,M
DESBEV-0976,Noblet,Denny,,M
DESBEV-0977,Vanheghe,Edward,,M
DESBEV-0978,Vandenabeele,Han,,M
DESBEV-0979,Gevaert,Anniek,,V
DESBEV-0980,Boone,Nadine,,V
DESBEV-0981,Keppens,Filip,,M
DESBEV-0982,Coppieters,Marjan,,V
DESBEV-0983,Willaert,Davy,,M
DESBEV-0984,Van Osselaer,Nathalie,,V
DESBEV-0985,Van Goethem,Rein,,V
DESBEV-0986,Goethals,Barabare,,V
DESBEV-0987,Van Bockstael,Isabelle,,V
DESBEV-0988,Boone,Martine,,V
DESBEV-0989,Pringels,Inge,,V
DESBEV-0990,Vercauteren,Vincent,,M
DESBEV-0991,Noblet,Denny,,M
DESBEV-0992,Vanheghe,Edward,,M
DESBEV-0993,Vandenabeele,Han,,M
DESBEV-0994,Gevaert,Anniek,,V
DESBEV-0995,Boone,Nadine,,V
DESBEV-0996,Keppens,Filip,,M
DESBEV-0997,Coppieters,Marjan,,V
DESBEV-0998,Willaert,Davy,,M
DESBEV-0999,Van Osselaer,Nathalie,,V
DESBEV-1000,Van Goethem,Rein,,V
DESBEV-1001,Goethals,Barabare,,V
DESBEV-1002,Van Bockstael,Isabelle,,V
DESBEV-1003,Boone,Martine,,V
DESBEV-1004,Pringels,Inge,,V
DESBEV-1005,Vercauteren,Vincent,,M
DESBEV-1006,Noblet,Denny,,M
DESBEV-1007,Vanheghe,Edward,,M
DESBEV-1008,Vandenabeele,Han,,M
DESBEV-1009,Gevaert,Anniek,,V
DESBEV-1010,Boone,Nadine,,V
DESBEV-1011,Keppens,Filip,,M
DESBEV-1012,Coppieters,Marjan,,V
DESBEV-1013,Willaert,Davy,,M
DESBEV-1014,Van Osselaer,Nathalie,,V
DESBEV-1015,Van Goethem,Rein,,V
DESBEV-1016,Goethals,Barabare,,V
